;;;;;;;Parametros de la Consulta;;;;;;;;
;;;;;;Fecha_Incial;01/06/1993;;;;;;;;
;;;;;;Fecha_Final;06/05/2014;;;;;;;;
;;;;;;Departamento;CALDAS;;;;;;;;
;;;;;;Municipio;;;;;;;;;
;;;;;;Total_Registros;467;;;;;;;;
;;;;;;;;;;;;;;;
;;;;;;;Red Sismologica Nacional;;;;;;;;
;;;;;;;de Colombia;;;;;;;;
;;;;;;;;;;;;;;;
Fecha;Hora UTC;Latitud;Longitud;Profundidad;Magnitud;Magnitud;Departamento;Municipio;# Estaciones;Rms;Gap;Error Latitud (Km);Error Longitud (Km);Error Profundidad (Km);Estado
aaaa/mm/dd;hh:mm:ss;Grados;Grados;Km;Ml;Mw;;;;Seg;Grados;;;;
14/06/1993;03:29:56;5.63;-74.755;4;3.2;;CALDAS;LA_DORADA;9;0.50;110;3.3;3.1;8.1;Revisado
07/07/1993;22:28:29;5.627;-74.789;4.1;2.3;;CALDAS;LA_DORADA;5;0.30;109;3.2;3;6.6;Revisado
27/07/1993;08:46:33;5.562;-74.716;54;1.8;;CALDAS;LA_DORADA;3;0.40;265;15.3;27.1;26;Revisado
31/08/1993;00:31:55;5.457;-74.923;17.3;1.8;;CALDAS;SAMANA;4;0.30;167;3.2;9.3;8.1;Revisado
29/09/1993;13:08:32;4.94;-75.611;4;2.2;;CALDAS;CHINCHINA;5;1.20;154;14.9;47.3;44.6;Revisado
20/10/1993;12:41:42;4.615;-75.243;43.1;2.3;;CALDAS;VOLCAN_NEVADO_DEL_RUIZ;7;0.60;319;14.3;15.3;9.7;Revisado
20/10/1993;12:41:43;4.592;-75.213;37.9;2.5;;CALDAS;VOLCAN_NEVADO_DEL_RUIZ;4;0.50;111;4.5;20.9;21.3;Revisado
31/10/1993;00:52:21;5.285;-75.603;116;2.8;;CALDAS;FILADELFIA;9;0.70;157;5.1;8;12.3;Revisado
03/11/1993;11:25:22;5.039;-75.797;3.7;1.9;;CALDAS;BELALCAZAR;4;0.20;226;1.9;5.5;5.9;Revisado
02/03/1994;12:37:34;5.506;-75.049;0;3.1;;CALDAS;SAMANA;7;2.20;150;20.7;24.9;38.6;Revisado
01/05/1994;06:59:24;5.376;-74.894;6;1.7;;CALDAS;VICTORIA;4;0.40;170;4.1;5.3;9.5;Revisado
01/05/1994;18:23:42;5.422;-74.868;10;2.4;;CALDAS;VICTORIA;5;0.30;114;2.5;3.4;7;Revisado
01/06/1994;12:41:35;4.33;-75.12;8;1.5;;CALDAS;VOLCAN_CERRO_MACHIN;0;0.40;0;0;0;0;Revisado
08/07/1994;11:46:37;5.155;-75.797;111.1;2.8;;CALDAS;RISARALDA;11;0.50;105;4.8;5.7;14.4;Revisado
15/07/1994;16:46:35;5.062;-75.494;9.5;2.8;;CALDAS;MANIZALES;8;1.10;188;8.3;14.2;27.9;Revisado
17/07/1994;06:15:24;5.327;-74.968;3.3;2.5;;CALDAS;VICTORIA;11;0.50;121;2.9;3.4;7.1;Revisado
23/07/1994;02:41:44;5.367;-74.948;8.3;2.3;;CALDAS;VICTORIA;8;0.90;167;4;5;9.6;Revisado
24/07/1994;04:10:25;5.367;-74.726;4.9;2.1;;CALDAS;LA_DORADA;10;0.50;99;2.3;2.8;5;Revisado
02/08/1994;02:00:16;5.443;-75.789;4.8;2.3;;CALDAS;RIOSUCIO;6;0.50;213;15.3;49;35.5;Revisado
18/09/1994;08:03:55;5.297;-74.883;6.4;2.1;;CALDAS;VICTORIA;8;0.30;164;2;2.3;4.8;Revisado
06/10/1994;22:57:30;4.328;-75.257;0;2.3;;CALDAS;VOLCAN_CERRO_MACHIN;4;0.60;155;13.1;11.6;25.9;Revisado
08/10/1994;18:12:53;5.5;-74.79;7;2.8;;CALDAS;LA_DORADA;0;0.70;0;0;0;0;Revisado
08/11/1994;04:44:39;4.284;-75.232;0;2.5;;CALDAS;VOLCAN_CERRO_MACHIN;6;1.40;222;67.3;81.8;34.9;Revisado
02/01/1995;22:33:25;5.063;-75.503;138.2;4.5;;CALDAS;MANIZALES;9;1.00;112;11.3;9.4;51.5;Revisado
09/02/1995;08:40:09;5.07;-75.54;129;2.8;;CALDAS;MANIZALES;0;0.60;0;0;0;0;Revisado
18/02/1995;04:13:19;5.649;-74.759;102.2;1.9;;CALDAS;LA_DORADA;4;0.20;172;4.2;4.8;12.7;Revisado
04/04/1995;06:25:38;5.54;-74.89;49;1.5;;CALDAS;SAMANA;0;0.90;0;0;0;0;Revisado
07/04/1995;10:28:28;5.61;-74.81;58;1.9;;CALDAS;LA_DORADA;0;1.00;0;0;0;0;Revisado
17/05/1995;11:55:33;5.466;-74.707;12.4;2.1;;CALDAS;LA_DORADA;6;0.40;176;9.2;8.1;14.8;Revisado
18/07/1995;18:17:38;5.451;-74.895;14.2;1.8;;CALDAS;SAMANA;8;0.90;219;3.2;9;6.6;Revisado
19/08/1995;21:43:33;5.133;-75.713;120.9;6.5;;CALDAS;RISARALDA;13;0.80;70;8.1;8.8;18.5;Revisado
28/09/1995;18:19:09;5.421;-75.466;120;2.2;;CALDAS;SALAMINA;9;1.30;192;5.9;11.2;12.3;Revisado
09/10/1995;15:03:28;5.677;-74.752;8.1;3;;CALDAS;LA_DORADA;12;0.90;112;3.9;5.4;11.1;Revisado
13/10/1995;03:34:21;5.59;-74.726;1.3;1.6;;CALDAS;LA_DORADA;4;0.40;237;6.8;7.9;9.8;Revisado
13/10/1995;17:30:11;5.561;-74.996;0;1.5;;CALDAS;SAMANA;8;0.70;120;4.7;7.7;8.3;Revisado
19/11/1995;19:53:09;5.29;-74.895;6.4;1.7;;CALDAS;VICTORIA;10;0.40;119;2.2;2.9;6.8;Revisado
21/11/1995;00:38:41;5.472;-74.848;21.5;1.9;;CALDAS;NORCASIA;9;0.70;149;2.4;4.3;4;Revisado
29/11/1995;23:58:32;5.29;-74.95;64.9;1.7;;CALDAS;VICTORIA;4;0.00;182;6.7;11.4;22.4;Revisado
30/11/1995;11:09:27;5.304;-74.895;12.8;1.7;;CALDAS;VICTORIA;9;0.40;123;2.8;4.1;8.5;Revisado
10/12/1995;16:28:57;5.638;-74.895;14.7;2.6;;CALDAS;SAMANA;8;0.90;109;4.2;3.6;11.6;Revisado
10/12/1995;17:29:05;5.652;-74.839;8.8;2;;CALDAS;LA_DORADA;10;0.80;109;3.2;3.8;7;Revisado
10/12/1995;18:56:53;5.57;-74.975;0;1.6;;CALDAS;SAMANA;6;0.60;118;2.4;4.2;6.5;Revisado
25/12/1995;06:33:59;5.281;-75.535;111.5;3;;CALDAS;ARANZAZU;13;0.80;65;5.2;6;11.8;Revisado
28/12/1995;16:00:57;4.993;-75.472;0;2.2;;CALDAS;VILLAMARIA;5;0.20;191;3.5;10.5;65.6;Revisado
03/01/1996;04:15:11;5.614;-74.792;4.1;1.6;;CALDAS;LA_DORADA;6;0.50;130;3.8;3.5;3.6;Revisado
13/01/1996;04:27:50;4.923;-75.45;4;1.6;;CALDAS;VILLAMARIA;6;0.60;194;3.8;10.4;11.6;Revisado
24/01/1996;00:32:37;5.503;-74.789;16.6;2.3;;CALDAS;LA_DORADA;4;0.60;164;22.4;18.2;47;Revisado
14/02/1996;02:54:07;4.992;-75.89;26.1;2.4;;CALDAS;VITERBO;8;0.70;139;5;6.7;7.9;Revisado
10/03/1996;07:36:05;5.047;-75.719;40;1.6;;CALDAS;PALESTINA;3;0.10;220;2.2;5.6;15.9;Revisado
17/05/1996;03:56:20;5.561;-74.751;8.4;2.1;;CALDAS;LA_DORADA;6;0.70;131;5.3;5.7;10.3;Revisado
19/05/1996;08:16:08;5.569;-74.767;11;2.1;;CALDAS;LA_DORADA;6;0.60;134;4.6;4.8;7.6;Revisado
30/05/1996;01:23:01;4.562;-75.161;32;2.4;;CALDAS;VOLCAN_NEVADO_DEL_RUIZ;4;0.30;115;2.9;7.8;11.3;Revisado
07/06/1996;12:10:38;5.398;-74.855;12;2.4;;CALDAS;VICTORIA;4;0.10;138;4.2;6.6;8.3;Revisado
10/06/1996;21:33:33;5.421;-75.616;0;2;;CALDAS;SUPIA;4;1.40;279;62.2;87.6;76.8;Revisado
24/07/1996;04:12:57;5.628;-74.873;10;2.5;;CALDAS;SAMANA;4;0.40;129;4.1;5.1;4.9;Revisado
24/07/1996;12:47:26;4.967;-75.839;3.9;2.5;;CALDAS;BELALCAZAR;4;1.20;246;12.7;37.6;34.1;Revisado
27/09/1996;16:25:19;4.333;-75.244;25.4;2.4;;CALDAS;VOLCAN_CERRO_MACHIN;4;0.60;153;6;11.7;10.2;Revisado
01/11/1996;05:37:35;5.574;-74.802;15.8;2.3;;CALDAS;LA_DORADA;6;0.40;105;3;4.9;5.4;Revisado
09/11/1996;15:36:41;5.426;-74.865;19.9;2;;CALDAS;VICTORIA;5;0.10;134;1.9;3.5;4;Revisado
05/12/1996;02:38:05;5.49;-74.87;73.5;1.8;;CALDAS;SAMANA;0;0.00;0;0;0;0;Revisado
09/03/1997;00:35:01;5.065;-75.82;133.5;2.5;;CALDAS;VITERBO;7;0.60;163;7.1;6.6;10.8;Revisado
27/03/1997;03:11:01;5.376;-74.724;8.4;2;;CALDAS;LA_DORADA;4;0.10;111;2;3.5;12.7;Revisado
14/05/1997;03:50:20;5.607;-74.883;32.1;2.2;;CALDAS;SAMANA;4;0.50;124;5.1;4.7;22.3;Revisado
27/05/1997;03:58:45;4.676;-75.297;138.8;3.4;;CALDAS;VOLCAN_NEVADO_DEL_RUIZ;7;0.50;94;19.9;9.9;36.3;Revisado
09/06/1997;13:50:50;5.062;-75.847;19.4;2.1;;CALDAS;VITERBO;4;0.70;138;3.7;6.7;6.2;Revisado
13/07/1997;20:10:32;5.212;-75.497;4;2.6;;CALDAS;NEIRA;5;0.70;191;4.4;10.8;13.5;Revisado
13/09/1997;09:54:43;5.618;-74.863;8.4;3;;CALDAS;SAMANA;6;0.60;107;4.5;6.6;11.8;Revisado
20/09/1997;06:32:10;5.595;-74.811;2.9;1.6;;CALDAS;LA_DORADA;4;0.50;181;4.4;6.7;7.6;Revisado
02/10/1997;10:47:06;5.166;-75.368;123.1;2.6;;CALDAS;ARANZAZU;8;0.70;117;6.1;9.1;12.7;Revisado
30/10/1997;05:15:13;4.385;-75.116;8.9;1.9;;CALDAS;VOLCAN_CERRO_MACHIN;4;0.50;128;4.3;4.3;20.8;Revisado
15/11/1997;06:47:15;5.187;-75.137;95.8;1.8;;CALDAS;MANZANARES;4;0.40;192;8.7;18.1;21.5;Revisado
12/03/1998;22:36:53;5.455;-74.668;10;2.5;;CALDAS;LA_DORADA;5;0.50;194;12.7;8.6;17.3;Revisado
14/03/1998;00:16:57;5.469;-74.664;5.1;1.7;;CALDAS;LA_DORADA;5;0.40;123;3.2;3.2;8.3;Revisado
14/03/1998;01:03:34;5.499;-74.66;4;1.8;;CALDAS;LA_DORADA;5;0.50;125;4.1;5.3;10.9;Revisado
28/03/1998;22:34:04;5.159;-75.632;0;2.3;;CALDAS;NEIRA;4;1.30;218;12.3;45;49.2;Revisado
19/07/1998;16:24:09;5.409;-75.603;102.6;2.1;;CALDAS;MARMATO;5;0.30;202;3.9;12.5;13;Revisado
27/07/1998;00:37:01;5.362;-74.76;15.2;1.9;;CALDAS;LA_DORADA;4;0.40;113;3.2;25;55.4;Revisado
11/10/1998;14:26:50;5.275;-75.055;30.4;2.2;;CALDAS;MARQUETALIA;4;0.20;130;2;4.2;13.3;Revisado
25/10/1998;21:26:40;5.388;-74.708;3.5;3.4;;CALDAS;LA_DORADA;5;0.20;147;2.1;2;4.3;Revisado
07/01/1999;06:36:45;4.454;-75.134;0;2.1;;CALDAS;VOLCAN_NEVADO_DEL_RUIZ;4;0.90;113;15.9;12.5;35.7;Revisado
14/01/1999;10:43:51;5.484;-74.664;32.1;2.3;;CALDAS;LA_DORADA;4;0.30;102;3;2.8;13.7;Revisado
07/02/1999;01:06:42;4.978;-75.581;122.3;3.5;;CALDAS;CHINCHINA;11;1.20;65;9.3;9.9;21.4;Revisado
12/02/1999;08:04:18;4.334;-75.309;4;2.7;;CALDAS;VOLCAN_CERRO_MACHIN;4;0.10;205;2.4;5.7;3.3;Revisado
26/02/1999;03:33:28;4.668;-75.262;36;2.5;;CALDAS;VOLCAN_NEVADO_DEL_RUIZ;3;0.60;295;17;31.9;14;Revisado
07/03/1999;03:25:33;4.512;-75.116;20.4;2.8;;CALDAS;VOLCAN_NEVADO_DEL_RUIZ;5;0.60;204;5.4;23.5;13.5;Revisado
08/04/1999;09:02:04;4.517;-75.213;20;2;;CALDAS;VOLCAN_NEVADO_DEL_RUIZ;4;0.50;170;7.1;14.2;6.4;Revisado
08/04/1999;20:01:53;4.369;-75.187;4;2.4;;CALDAS;VOLCAN_CERRO_MACHIN;4;0.30;168;5;10.9;8.7;Revisado
09/04/1999;02:19:05;5.166;-75.799;17.8;1.9;;CALDAS;RISARALDA;3;0.30;225;4;15.5;6.5;Revisado
12/04/1999;21:44:29;5.146;-75.737;76;2.2;;CALDAS;RISARALDA;3;0.20;220;4.8;22.3;13.3;Revisado
21/04/1999;11:47:48;5.207;-75.262;17.9;2.4;;CALDAS;MARULANDA;4;0.30;157;2.8;11.6;7.8;Revisado
28/08/1999;05:45:22;5.608;-74.82;23.5;2.5;;CALDAS;LA_DORADA;7;0.40;104;3.1;2.9;10.8;Revisado
27/12/1999;16:29:42;5.397;-74.937;38.2;2;;CALDAS;SAMANA;4;0.30;117;8.3;4.7;16.9;Revisado
02/02/2000;12:06:25;5.353;-75.596;8.5;2.1;;CALDAS;FILADELFIA;5;0.60;190;6.8;50.9;63.5;Revisado
06/02/2000;03:31:12;5.45;-74.668;32;2.2;;CALDAS;LA_DORADA;5;0.20;100;2.3;1.9;15.2;Revisado
07/03/2000;06:15:15;5.374;-74.81;108.6;2.2;;CALDAS;VICTORIA;5;0.30;101;5;5.3;28.2;Revisado
01/04/2000;12:32:27;5.447;-74.733;72.8;2.1;;CALDAS;LA_DORADA;4;0.70;103;2.2;2.1;8.1;Revisado
26/04/2000;09:08:19;5.012;-75.91;125.1;2.7;;CALDAS;VITERBO;5;0.90;141;9.6;14.5;24.4;Revisado
01/06/2000;04:23:06;5.433;-74.826;12.1;1.8;;CALDAS;VICTORIA;4;0.10;167;2.2;5.8;8.3;Revisado
21/06/2000;01:53:52;5.309;-74.899;7.1;1.9;;CALDAS;VICTORIA;3;0.10;221;7.2;35.1;9.9;Revisado
27/09/2000;02:05:43;5.469;-74.747;2.3;1.7;;CALDAS;LA_DORADA;4;0.40;232;4.9;26.3;11.6;Revisado
26/10/2000;03:10:59;5.238;-75.458;151;2.5;;CALDAS;ARANZAZU;4;0.80;158;7.1;24.5;20.4;Revisado
09/11/2000;13:59:30;4.49;-75.118;17.9;2.5;;CALDAS;VOLCAN_NEVADO_DEL_RUIZ;4;0.10;140;4.5;6.5;7.3;Revisado
18/12/2000;20:03:28;5.293;-75.585;100;4.2;;CALDAS;FILADELFIA;5;0.70;165;7.7;13;19.7;Revisado
21/01/2001;10:47:25;4.498;-75.114;106.2;2.5;;CALDAS;VOLCAN_NEVADO_DEL_RUIZ;3;0.60;207;17.8;12.2;19.1;Revisado
26/03/2001;20:43:59;5.442;-75.63;0;2.9;;CALDAS;SUPIA;4;0.80;176;13.1;12.6;29.8;Revisado
27/03/2001;06:09:22;5.413;-75.552;0;1.5;;CALDAS;LA_MERCED;3;0.60;308;27.1;46;42.5;Revisado
31/03/2001;03:37:57;4.516;-75.1;16;2.1;;CALDAS;VOLCAN_NEVADO_DEL_RUIZ;4;0.10;121;2.5;2.1;5;Revisado
01/04/2001;23:45:43;5.586;-75.018;32.1;1.4;;CALDAS;SAMANA;4;0.60;166;12.6;13.8;39.2;Revisado
05/04/2001;06:21:59;5.271;-75.792;23.2;1.5;;CALDAS;ANSERMA;3;0.30;224;3.7;15.5;5;Revisado
20/04/2001;14:48:51;5.256;-75.796;125;2.6;;CALDAS;ANSERMA;6;1.00;224;10.3;21.1;21.1;Revisado
22/04/2001;00:02:30;5.118;-75.707;88.4;1.7;;CALDAS;RISARALDA;3;0.20;218;5.5;25.2;8.9;Revisado
06/05/2001;06:43:40;5.338;-74.834;16.4;2.5;;CALDAS;VICTORIA;6;0.30;107;2.1;5.8;9.3;Revisado
06/05/2001;06:45:24;5.309;-74.932;24;2.2;;CALDAS;VICTORIA;5;0.60;117;5.6;7.2;12.8;Revisado
08/05/2001;02:37:03;5.355;-74.812;0;1.7;;CALDAS;VICTORIA;4;0.20;164;2.2;2.6;8.4;Revisado
23/06/2001;07:32:27;5.066;-75.772;70;1.5;;CALDAS;BELALCAZAR;3;0.10;223;8.1;40.1;11.6;Revisado
25/06/2001;00:49:19;5.015;-75.599;27.7;1.9;;CALDAS;CHINCHINA;3;0.10;210;3.2;11.9;2.7;Revisado
01/08/2001;17:53:49;4.96;-75.538;86.6;2.2;;CALDAS;CHINCHINA;3;0.10;206;7.5;30.9;6.7;Revisado
30/09/2001;01:39:16;4.544;-75.237;15.3;2;;CALDAS;VOLCAN_NEVADO_DEL_RUIZ;4;0.90;169;8;20;6.5;Revisado
12/10/2001;01:18:40;5.413;-74.701;4;2;;CALDAS;LA_DORADA;6;0.70;118;8.6;8.5;35.3;Revisado
26/10/2001;18:12:06;4.66;-75.256;17;2.1;;CALDAS;VOLCAN_NEVADO_DEL_RUIZ;4;0.30;120;6.1;8.2;8.6;Revisado
22/11/2001;20:27:44;5.052;-75.579;72.6;2;;CALDAS;VILLAMARIA;3;0.10;208;7.1;31.6;6.9;Revisado
07/02/2002;13:36:13;5.04;-75.77;41.2;1.8;;CALDAS;BELALCAZAR;3;0.10;224;4.8;21;11.1;Revisado
11/02/2002;04:28:55;5.566;-74.69;5.2;1.9;;CALDAS;LA_DORADA;6;0.60;107;3.6;4;9;Revisado
18/02/2002;00:47:28;5.632;-75.494;4;1.6;;CALDAS;AGUADAS;5;0.60;183;7.6;15.3;30.1;Revisado
15/03/2002;06:59:39;5.342;-74.725;4;2.1;;CALDAS;LA_DORADA;4;0.30;168;2.4;2.7;9;Revisado
17/03/2002;07:53:07;5.496;-74.999;.5;1.8;;CALDAS;SAMANA;4;0.20;161;2.9;4.2;9.7;Revisado
27/03/2002;09:04:20;5.588;-74.654;6;2.6;;CALDAS;LA_DORADA;8;0.80;91;4.8;5.4;11.3;Revisado
24/06/2002;15:15:58;5.075;-75.383;119.4;2.7;;CALDAS;MANIZALES;6;0.50;177;5.8;15.8;22.7;Revisado
02/07/2002;18:32:47;5.659;-74.774;4;2.5;;CALDAS;LA_DORADA;5;0.50;112;3.6;4;9.4;Revisado
07/08/2002;06:35:53;5.527;-74.724;8;2.1;;CALDAS;LA_DORADA;6;0.40;104;2.7;3.7;7.7;Revisado
12/09/2002;03:29:23;5.537;-74.847;4.5;2;;CALDAS;SAMANA;4;0.50;174;5;5.6;11.7;Revisado
24/09/2002;15:00:49;5.543;-74.796;4;1.8;;CALDAS;LA_DORADA;4;1.00;103;7.9;8.5;29.4;Revisado
24/09/2002;23:37:09;5.602;-74.76;32.1;2;;CALDAS;LA_DORADA;4;0.30;130;3.1;2.7;17.6;Revisado
15/12/2002;02:48:50;5.493;-74.852;4.1;1.7;;CALDAS;NORCASIA;5;0.30;171;4.5;4.6;11.6;Revisado
21/12/2002;15:49:10;5.411;-74.746;13.2;1.9;;CALDAS;LA_DORADA;5;0.20;117;2.5;2.6;5.5;Revisado
18/02/2003;08:05:30;4.522;-75.177;12;1.9;;CALDAS;VOLCAN_NEVADO_DEL_RUIZ;4;0.60;174;8;15;11.1;Revisado
21/02/2003;02:14:37;5.371;-74.847;11;1.5;;CALDAS;VICTORIA;5;0.30;162;2.4;3;6;Revisado
10/03/2003;13:02:50;5.56;-74.763;74;2.6;;CALDAS;LA_DORADA;3;0.10;281;9.9;3.6;21;Revisado
08/04/2003;11:27:30;5.162;-75.651;124;1.9;;CALDAS;NEIRA;4;0.40;213;6.3;17.5;24.2;Revisado
24/06/2003;16:22:47;5.462;-74.667;0;2.1;;CALDAS;LA_DORADA;4;0.30;180;4.8;6.1;10.3;Revisado
27/07/2003;08:40:33;4.318;-75.138;4.3;1.5;;CALDAS;VOLCAN_CERRO_MACHIN;3;0.40;164;5.2;7.3;99.9;Revisado
20/08/2003;04:48:05;5.438;-74.934;1.9;1.8;;CALDAS;SAMANA;5;0.40;161;4.4;4.6;7.8;Revisado
18/09/2003;18:09:28;5.416;-74.792;9.4;1.9;;CALDAS;LA_DORADA;4;0.10;169;2.1;2.3;4.5;Revisado
30/09/2003;09:51:48;5.295;-74.821;0;1.8;;CALDAS;VICTORIA;4;0.50;265;22.2;5.6;22.9;Revisado
02/10/2003;04:01:23;5.642;-74.757;6.1;2;;CALDAS;LA_DORADA;6;0.30;111;2.2;2.8;6;Revisado
20/10/2003;02:24:22;4.946;-75.425;0;1.6;;CALDAS;VILLAMARIA;5;0.80;171;8.4;17.6;54.1;Revisado
26/10/2003;05:44:04;5.44;-74.838;4;1.8;;CALDAS;VICTORIA;5;0.40;168;3.2;3.5;9.7;Revisado
28/10/2003;21:32:10;4.361;-75.134;0;2.6;;CALDAS;VOLCAN_CERRO_MACHIN;7;0.60;128;3.4;2.9;7.8;Revisado
30/10/2003;13:32:19;5.343;-75.635;10;2.6;;CALDAS;FILADELFIA;7;0.60;207;5.9;9.2;13.2;Revisado
09/11/2003;14:55:21;5.375;-74.927;8.2;2.2;;CALDAS;VICTORIA;6;0.60;116;4.3;4.7;10.5;Revisado
19/11/2003;04:45:46;5.409;-74.903;4;1.6;;CALDAS;VICTORIA;5;0.30;114;2.9;4.9;11.2;Revisado
11/12/2003;15:46:50;5.461;-74.728;7.7;1.9;;CALDAS;LA_DORADA;6;0.20;121;2;1.8;4.2;Revisado
18/12/2003;19:14:10;5.395;-74.839;4;2.1;;CALDAS;VICTORIA;7;0.80;108;5.1;5.8;13.3;Revisado
21/12/2003;17:22:17;4.325;-75.133;13.3;2.3;;CALDAS;VOLCAN_CERRO_MACHIN;4;0.40;162;5.3;8.5;12;Revisado
25/01/2004;16:01:21;5.307;-74.863;13.4;1.8;;CALDAS;VICTORIA;5;0.60;157;4.2;5.3;10.8;Revisado
08/06/2004;17:04:46;5.48;-74.664;3.8;1.9;;CALDAS;LA_DORADA;4;0.30;182;3.5;6.4;5.6;Revisado
03/07/2004;06:25:58;5.617;-74.835;4;1.9;;CALDAS;LA_DORADA;8;0.60;105;3.9;4.4;8.6;Revisado
10/07/2004;19:56:41;5.595;-74.845;8.9;1.8;;CALDAS;LA_DORADA;6;0.30;106;3.8;6;13.5;Revisado
19/07/2004;03:13:31;5.453;-74.737;4;1.9;;CALDAS;LA_DORADA;4;0.30;175;2.4;4;6.1;Revisado
05/08/2004;02:41:08;4.906;-75.454;148.4;2;;CALDAS;VILLAMARIA;4;0.20;267;6.4;8.8;9.8;Revisado
28/09/2004;18:06:19;5.548;-74.705;4;3.3;;CALDAS;LA_DORADA;9;0.70;96;4.4;4.9;11.1;Revisado
25/10/2004;07:31:12;4.997;-75.474;10;2;;CALDAS;VILLAMARIA;6;0.50;174;5.2;22.1;21.4;Revisado
01/12/2004;23:03:18;5.379;-75.063;38.4;2.4;;CALDAS;MARQUETALIA;5;0.20;131;2.1;3.5;13.3;Revisado
16/12/2004;05:28:43;5.435;-75.615;98;2.5;;CALDAS;MARMATO;9;0.40;69;4.7;4.4;10.6;Revisado
17/12/2004;03:02:40;5.624;-74.781;9.6;1.8;;CALDAS;LA_DORADA;6;0.70;109;7.1;7.9;24.5;Revisado
27/01/2005;18:44:07;5.28;-75.747;4;2.2;;CALDAS;ANSERMA;5;1.10;222;14.1;28.3;37.4;Revisado
08/02/2005;09:14:01;5.367;-74.91;7.8;2.4;;CALDAS;VICTORIA;6;0.50;115;3.7;4.3;8.9;Revisado
08/02/2005;09:15:03;5.368;-74.913;4;1.9;;CALDAS;VICTORIA;4;0.50;167;4.6;4.3;18.1;Revisado
25/02/2005;14:55:47;5.374;-74.905;7.2;2;;CALDAS;VICTORIA;6;0.60;114;3.7;4.6;10.1;Revisado
25/02/2005;14:55:47;5.374;-74.905;7.2;2;;CALDAS;VICTORIA;6;0.60;114;3.7;4.6;10.1;Revisado
02/03/2005;05:48:13;5.573;-74.876;26;1.7;;CALDAS;SAMANA;4;0.10;124;2.7;4.1;13.7;Revisado
13/03/2005;11:59:14;5.301;-74.867;5.6;2.3;;CALDAS;VICTORIA;5;0.40;143;4.8;5.5;9.1;Revisado
18/03/2005;03:14:49;5.406;-74.911;7;2;;CALDAS;VICTORIA;7;0.50;115;3.1;3.6;7.9;Revisado
31/08/2005;19:30:38;5.092;-75.882;98.5;2;;CALDAS;VITERBO;4;0.30;244;5.3;10.2;15.2;Revisado
21/11/2005;09:24:54;4.468;-75.108;1.9;2.1;;CALDAS;VOLCAN_NEVADO_DEL_RUIZ;5;0.50;179;4.4;7.9;7.6;Revisado
24/11/2005;04:49:55;5.044;-75.874;5.8;2.5;;CALDAS;VITERBO;5;0.90;140;11.5;16;24.3;Revisado
31/01/2006;06:33:34;4.579;-75.272;0;2.1;;CALDAS;VOLCAN_NEVADO_DEL_RUIZ;4;0.60;167;14.7;9;12.9;Revisado
18/05/2006;23:21:41;5.003;-75.637;4.3;2.2;;CALDAS;PALESTINA;5;0.50;211;17.6;70.5;31.8;Revisado
02/06/2006;01:48:57;4.356;-75.256;4;2.5;;CALDAS;VOLCAN_CERRO_MACHIN;6;0.60;153;5.2;8.2;17.9;Revisado
29/07/2006;21:45:59;5.079;-75.882;137.4;2.3;;CALDAS;VITERBO;4;0.30;142;4.1;7.2;9.6;Revisado
23/08/2006;01:06:39;5.449;-75.823;0;2;;CALDAS;RIOSUCIO;4;0.20;227;2.1;9.5;8.1;Revisado
07/12/2006;01:42:56;4.583;-75.182;24;2.2;;CALDAS;VOLCAN_NEVADO_DEL_RUIZ;4;0.60;175;11.3;23.9;12.9;Revisado
29/12/2006;14:09:05;5.144;-75.465;108;3;;CALDAS;NEIRA;10;0.60;117;6.2;6.3;9.1;Revisado
13/03/2007;23:48:15;5.635;-74.728;4;1.4;;CALDAS;LA_DORADA;4;0.50;207;5.2;6.6;9.6;Revisado
02/05/2007;16:41:26;5.031;-75.86;28;3;;CALDAS;VITERBO;5;0.50;139;10.7;7;25.2;Revisado
03/06/2007;18:11:19;5.075;-75.802;96;2.6;;CALDAS;VITERBO;7;0.50;113;7.6;6.3;28.4;Revisado
06/06/2007;08:56:50;5.417;-74.765;10.6;1.8;;CALDAS;LA_DORADA;4;0.50;272;11.3;4.7;10.2;Revisado
11/06/2007;02:02:07;5.42;-74.819;4;2.2;;CALDAS;VICTORIA;5;0.40;201;9.7;5.7;12.5;Revisado
08/07/2007;18:37:40;4.4;-75.08;19.3;3;;CALDAS;VOLCAN_NEVADO_DEL_RUIZ;6;0.50;115;4.1;5.9;8.4;Revisado
07/08/2007;23:04:00;5.44;-75.791;98.8;3.1;;CALDAS;RIOSUCIO;7;0.60;174;10.9;9.5;26.8;Revisado
17/08/2007;04:38:31;5.447;-75.103;38.3;1.8;;CALDAS;PENSILVANIA;4;0.50;197;8.7;13.1;46.3;Revisado
04/09/2007;22:15:48;4.317;-75.298;8;2.6;;CALDAS;VOLCAN_CERRO_MACHIN;4;0.50;126;20.3;8.4;47.4;Revisado
08/09/2007;04:23:32;4.565;-75.132;4;2.6;;CALDAS;VOLCAN_NEVADO_DEL_RUIZ;4;0.90;154;14.1;19.2;25.8;Revisado
05/10/2007;05:37:09;4.947;-75.492;4;1.6;;CALDAS;VILLAMARIA;5;0.60;201;5.1;13.7;16.8;Revisado
22/12/2007;06:50:56;5.579;-74.842;9.1;1.8;;CALDAS;LA_DORADA;4;0.10;232;8.3;3.4;10.5;Revisado
29/12/2007;00:42:55;4.579;-75.343;0;2.7;;CALDAS;VOLCAN_NEVADO_DEL_RUIZ;4;0.80;195;51.7;42.2;26.2;Revisado
14/01/2008;19:26:52;5.472;-74.793;18.4;2.4;;CALDAS;LA_DORADA;6;0.40;103;4.4;6.9;10.9;Revisado
29/06/2008;05:27:43;5.098;-75.847;134;1.7;;CALDAS;VITERBO;5;1.60;184;14.1;66.8;58.6;Revisado
13/07/2008;13:45:54;4.525;-75.089;4;4.1;;CALDAS;VOLCAN_NEVADO_DEL_RUIZ;11;0.60;80;2.7;2.5;6.7;Revisado
20/07/2008;22:53:35;5.539;-74.847;12.4;1.3;;CALDAS;SAMANA;4;0.00;125;2.2;2.6;7.8;Revisado
13/09/2008;09:32:01;4.994;-75.697;137.4;5.3;;CALDAS;PALESTINA;10;0.50;163;5.3;6.7;9;Revisado
25/09/2008;13:37:27;5.033;-75.464;137.6;2.3;;CALDAS;MANIZALES;5;0.50;217;10.8;11.3;14.9;Revisado
15/10/2008;20:44:19;5.615;-74.983;28;1.3;;CALDAS;SAMANA;4;0.20;125;1.7;3.5;6.1;Revisado
14/11/2008;12:41:47;5.46;-75.099;138;1.8;;CALDAS;PENSILVANIA;4;0.40;225;12.4;97.3;26.3;Revisado
26/11/2008;20:02:09;5.11;-75.475;.2;2;;CALDAS;MANIZALES;8;0.60;162;4.3;11.3;7.3;Revisado
28/11/2008;06:09:34;4.963;-75.409;128.5;3.2;;CALDAS;VILLAMARIA;12;0.40;58;3.2;3.3;5.3;Revisado
04/12/2008;11:30:08;5.655;-74.727;2;.9;;CALDAS;LA_DORADA;4;0.40;138;6.3;4.5;15.1;Revisado
06/01/2009;09:37:57;5.327;-74.842;26.4;1.1;;CALDAS;VICTORIA;4;0.20;181;1.8;3.4;3.4;Revisado
08/01/2009;06:44:22;5.05;-75.889;110.4;1.9;;CALDAS;VITERBO;9;0.40;117;3.5;6.9;8.8;Revisado
17/02/2009;00:54:04;5.521;-74.682;22.8;1.2;;CALDAS;LA_DORADA;6;0.40;83;3.1;3.6;5.5;Revisado
17/02/2009;07:51:21;4.31;-75.236;2;1.2;;CALDAS;VOLCAN_CERRO_MACHIN;5;0.40;133;2.5;3.7;7.3;Revisado
22/02/2009;00:51:48;5.618;-74.833;21.4;2;;CALDAS;LA_DORADA;7;0.30;94;2;2.9;4.4;Revisado
08/03/2009;14:08:08;5.341;-74.724;24.5;.8;;CALDAS;LA_DORADA;4;0.20;262;2.2;6.5;7.1;Revisado
18/03/2009;02:15:10;5.352;-74.816;8;2.3;;CALDAS;VICTORIA;6;0.40;164;2.4;3.2;7.3;Revisado
28/03/2009;11:56:30;4.346;-75.102;18.2;1.1;;CALDAS;VOLCAN_CERRO_MACHIN;5;0.40;185;3.5;4.8;5.6;Revisado
18/04/2009;07:52:06;5.164;-75.475;3.8;1.3;;CALDAS;NEIRA;5;0.50;192;7.7;28.6;12.9;Revisado
20/04/2009;02:24:56;4.29;-75.277;13.5;1.9;;CALDAS;VOLCAN_CERRO_MACHIN;5;0.20;152;7.5;14.9;19.1;Revisado
05/05/2009;08:54:14;4.362;-75.115;13.6;1.6;;CALDAS;VOLCAN_CERRO_MACHIN;5;0.30;184;4.8;8.6;9;Revisado
02/06/2009;19:12:02;5.355;-74.79;7.4;1.7;;CALDAS;VICTORIA;5;0.20;146;2;2.5;6.2;Revisado
19/06/2009;22:28:17;4.366;-75.096;0;1.6;;CALDAS;VOLCAN_CERRO_MACHIN;5;0.20;187;3.4;5.4;6.9;Revisado
20/06/2009;01:49:22;5.043;-75.909;116;3;;CALDAS;VITERBO;8;0.50;117;6.6;6.8;17.3;Revisado
01/07/2009;04:05:00;4.454;-75.144;43.7;.9;;CALDAS;VOLCAN_NEVADO_DEL_RUIZ;4;0.20;185;6.2;20;21.4;Revisado
05/07/2009;10:15:16;5.433;-74.863;0;1.2;;CALDAS;VICTORIA;4;0.50;141;7.4;8.8;14.2;Revisado
05/07/2009;11:27:43;5.201;-75.449;92;1.5;;CALDAS;ARANZAZU;4;0.10;324;5.3;9;5.7;Revisado
15/07/2009;04:35:13;5.457;-75.591;0;1.8;;CALDAS;MARMATO;4;0.60;170;10.6;23.1;15.1;Revisado
08/08/2009;23:37:40;5.31;-74.812;5;1.7;;CALDAS;VICTORIA;6;0.40;111;3.5;2.9;7.1;Revisado
12/10/2009;12:19:37;5.341;-74.991;13.9;2.8;;CALDAS;MARQUETALIA;7;0.60;236;5;10.3;11.8;Revisado
18/10/2009;21:51:12;5;-75.922;108.3;2.3;;CALDAS;VITERBO;10;0.50;143;4.7;6.6;8.4;Revisado
27/10/2009;07:15:37;5.096;-75.479;119.8;2.9;;CALDAS;MANIZALES;15;0.50;99;2.6;4.4;5.1;Revisado
09/11/2009;01:29:01;5.655;-75.439;6.6;3.6;;CALDAS;AGUADAS;8;0.70;130;4.5;19.9;16.5;Revisado
14/11/2009;07:50:26;5.039;-75.762;42;.9;;CALDAS;BELALCAZAR;4;0.20;225;4.5;19.5;21.6;Revisado
04/12/2009;18:45:23;4.34;-75.104;0;1.1;;CALDAS;VOLCAN_CERRO_MACHIN;4;0.40;184;4.6;7.2;7.9;Revisado
04/12/2009;19:37:54;4.35;-75.191;24.7;.9;;CALDAS;VOLCAN_CERRO_MACHIN;4;0.30;170;6;15.2;21.1;Revisado
06/12/2009;18:33:25;5.626;-74.677;4.5;2.5;;CALDAS;LA_DORADA;10;0.40;89;3.2;3.2;8.4;Revisado
09/12/2009;13:46:28;5.471;-75.723;83.5;1.5;;CALDAS;RIOSUCIO;4;0.30;213;8.5;42;17;Revisado
10/12/2009;16:45:09;5.079;-75.524;61.2;1.5;;CALDAS;MANIZALES;4;0.40;249;9.2;37.3;10.9;Revisado
11/12/2009;15:09:19;5.106;-75.865;166;3;;CALDAS;VITERBO;8;0.60;116;9.7;15.7;21.4;Revisado
11/12/2009;21:26:37;5.46;-74.682;1.6;1.2;;CALDAS;LA_DORADA;5;0.30;261;19.1;2.9;15.9;Revisado
16/12/2009;20:35:51;4.444;-75.094;40;.8;;CALDAS;VOLCAN_NEVADO_DEL_RUIZ;5;0.60;115;7;11.6;22;Revisado
21/12/2009;05:23:35;5.672;-74.82;121.1;1.4;;CALDAS;NORCASIA;6;0.20;114;2.9;2.8;7.2;Revisado
25/12/2009;03:59:43;4.981;-75.853;30.3;1;;CALDAS;BELALCAZAR;4;0.30;233;3.9;8.6;5.4;Revisado
02/01/2010;12:51:18;5.002;-75.616;120.5;1.7;;CALDAS;CHINCHINA;5;0.20;207;5.1;6.5;6;Revisado
15/01/2010;03:51:54;5.455;-74.72;0;1.3;;CALDAS;LA_DORADA;4;0.40;177;7.7;4.2;11.1;Revisado
16/01/2010;23:11:29;5.37;-74.988;6.9;1.3;;CALDAS;SAMANA;6;0.30;154;2;6.8;9.1;Revisado
26/01/2010;13:54:15;5.249;-75.193;4;2.1;;CALDAS;MANZANARES;6;0.60;210;3.9;9.6;12.3;Revisado
26/01/2010;14:54:07;5.009;-75.701;4;2.2;;CALDAS;PALESTINA;6;0.60;218;4;9.3;12;Revisado
01/02/2010;20:24:47;4.554;-75.216;35.1;1.4;;CALDAS;VOLCAN_NEVADO_DEL_RUIZ;4;0.30;179;4.5;17.2;14.8;Revisado
02/02/2010;03:41:18;5.432;-74.745;4;1.4;;CALDAS;LA_DORADA;4;0.40;260;17.9;4.8;15.5;Revisado
25/02/2010;21:24:33;4.32;-75.169;0;1;;CALDAS;VOLCAN_CERRO_MACHIN;6;0.60;98;4.8;6.5;13;Revisado
25/02/2010;21:25:01;4.328;-75.259;23.8;1.2;;CALDAS;VOLCAN_CERRO_MACHIN;5;0.60;170;10.7;23.2;13.7;Revisado
25/02/2010;21:26:20;4.333;-75.155;0;.8;;CALDAS;VOLCAN_CERRO_MACHIN;4;0.40;175;5;8.2;8.4;Revisado
25/02/2010;21:26:49;4.36;-75.155;0;.9;;CALDAS;VOLCAN_CERRO_MACHIN;4;0.50;177;5.3;8.3;9.3;Revisado
01/03/2010;07:04:57;5.493;-75.667;62.6;2.6;;CALDAS;SUPIA;6;0.50;175;11;65.5;47.6;Revisado
04/03/2010;17:22:13;5.423;-75.101;45.9;1.5;;CALDAS;PENSILVANIA;4;0.40;224;5.8;24.1;34.1;Revisado
04/03/2010;22:09:12;4.938;-75.446;130;4.7;;CALDAS;VILLAMARIA;21;0.50;59;3.2;4.2;5.4;Revisado
11/03/2010;17:13:56;5.418;-75.114;56.2;2.2;;CALDAS;PENSILVANIA;5;0.70;222;8.8;44;31.8;Revisado
14/03/2010;12:42:10;5.416;-75.075;56;2;;CALDAS;SAMANA;5;0.40;227;7;38;29.5;Revisado
15/03/2010;08:50:57;5.412;-75.463;99.8;1.7;;CALDAS;SALAMINA;6;0.50;165;5.8;18.9;10.2;Revisado
15/03/2010;12:03:11;5.462;-75.407;144;1.6;;CALDAS;PACORA;6;0.40;180;11.4;35.9;10.4;Revisado
10/04/2010;15:33:34;4.369;-75.133;4;2.1;;CALDAS;VOLCAN_CERRO_MACHIN;6;0.60;135;4.3;5.2;17.7;Revisado
12/04/2010;03:10:39;4.47;-75.174;11;.6;;CALDAS;VOLCAN_NEVADO_DEL_RUIZ;4;0.20;181;2.2;5.9;19.6;Revisado
15/04/2010;00:27:32;5.022;-75.81;126.8;2.6;;CALDAS;BELALCAZAR;12;0.50;112;3.6;10;10.2;Revisado
20/04/2010;04:45:01;4.943;-75.397;0;1.4;;CALDAS;VILLAMARIA;4;0.40;310;26.6;23.1;12.6;Revisado
22/04/2010;10:01:25;5.343;-75.512;104;1.4;;CALDAS;ARANZAZU;4;0.30;193;9.6;45.9;10;Revisado
25/04/2010;05:00:37;5.438;-74.809;30;2;;CALDAS;LA_DORADA;5;0.70;253;5.1;17.3;12.6;Revisado
26/04/2010;11:48:08;5.388;-74.694;0;2.2;;CALDAS;LA_DORADA;5;0.40;192;4.1;4.4;7.7;Revisado
29/04/2010;21:55:33;4.333;-75.162;6.3;1.3;;CALDAS;VOLCAN_CERRO_MACHIN;4;0.30;174;7.6;19.5;59.6;Revisado
23/05/2010;17:20:54;5.418;-75.348;105.2;2.2;;CALDAS;MARULANDA;6;0.40;170;4.8;21.5;8.4;Revisado
10/06/2010;04:28:46;4.993;-75.615;134.1;1.9;;CALDAS;CHINCHINA;5;0.30;150;5;11.6;14.6;Revisado
26/06/2010;13:52:02;5.452;-75.692;0;1;;CALDAS;RIOSUCIO;4;0.60;217;5.7;19.1;13.6;Revisado
27/06/2010;20:41:26;5.112;-75.737;8.4;1.2;;CALDAS;RISARALDA;4;0.20;222;3.6;6.8;18.5;Revisado
02/07/2010;17:38:54;5.077;-75.861;29.8;1.2;;CALDAS;VITERBO;4;0.10;232;1.8;4.4;3.3;Revisado
14/08/2010;04:06:01;4.34;-75.173;4;1.4;;CALDAS;VOLCAN_CERRO_MACHIN;4;0.20;172;2.6;4.1;4.4;Revisado
16/09/2010;07:29:37;5.43;-74.795;44.8;1.8;;CALDAS;LA_DORADA;8;0.50;85;4.6;6.4;28.6;Revisado
01/10/2010;17:59:10;5.475;-74.793;15.8;1.1;;CALDAS;LA_DORADA;6;0.40;117;5.1;5.8;6.7;Revisado
27/10/2010;01:35:12;5.553;-74.821;12.3;2;;CALDAS;LA_DORADA;4;0.20;230;2.1;3.2;2.2;Revisado
28/10/2010;11:49:56;5.612;-74.721;4.1;1.4;;CALDAS;LA_DORADA;4;0.40;276;5.7;7.4;3.9;Revisado
05/11/2010;17:27:49;5.402;-75.744;95.9;.9;;CALDAS;RIOSUCIO;4;0.50;234;12.3;15.2;15.3;Revisado
24/11/2010;18:26:09;5.367;-74.819;8.8;1.8;;CALDAS;VICTORIA;9;0.40;64;2.7;3.9;6.9;Revisado
30/11/2010;02:16:54;5.452;-74.874;13.8;1;;CALDAS;SAMANA;4;0.30;220;5.9;5.6;13.2;Revisado
09/12/2010;09:43:18;4.605;-75.287;66;1.3;;CALDAS;VOLCAN_NEVADO_DEL_RUIZ;4;0.30;163;9.6;29.2;9.5;Revisado
11/12/2010;05:37:27;5.335;-75.638;96.2;2;;CALDAS;FILADELFIA;11;0.40;133;2.7;5.2;6;Revisado
22/12/2010;22:28:55;5.319;-74.846;13.5;1.2;;CALDAS;VICTORIA;5;0.20;128;2.4;2.9;12.6;Revisado
09/01/2011;02:31:10;5.597;-74.804;9.7;1.1;;CALDAS;LA_DORADA;5;0.40;131;3.7;5.8;6.1;Revisado
16/01/2011;08:37:59;4.946;-75.813;48.5;1.1;;CALDAS;BELALCAZAR;5;0.30;164;3.3;6.5;14;Revisado
22/01/2011;04:55:40;5.233;-75.509;3;1;;CALDAS;ARANZAZU;4;0.30;205;2.7;4;2.6;Revisado
25/01/2011;22:46:49;4.335;-75.217;6;1.7;;CALDAS;VOLCAN_CERRO_MACHIN;4;0.20;169;5.2;5.6;12.3;Revisado
07/02/2011;09:23:33;5.61;-74.698;20.2;1.7;;CALDAS;LA_DORADA;6;0.40;190;4.8;5.4;6.1;Revisado
21/02/2011;22:55:49;5.386;-74.931;4.2;1.1;;CALDAS;VICTORIA;4;0.30;187;3.6;6.5;7.8;Revisado
27/02/2011;10:16:56;4.331;-75.237;4;1.7;;CALDAS;VOLCAN_CERRO_MACHIN;5;0.50;136;5.8;11.9;19.8;Revisado
12/04/2011;13:43:22;4.384;-75.128;4.1;1.6;;CALDAS;VOLCAN_CERRO_MACHIN;5;0.40;148;3.6;10.9;99.9;Revisado
24/04/2011;16:50:24;5.38;-74.825;17.5;.8;;CALDAS;VICTORIA;4;0.30;226;3.1;8;10.4;Revisado
24/04/2011;17:36:54;5.396;-74.904;0;1.5;;CALDAS;VICTORIA;4;0.60;267;10.2;5.5;6.7;Revisado
30/04/2011;22:18:33;5.556;-75.509;4;2.6;;CALDAS;PACORA;7;0.50;165;2.8;5.2;8.3;Revisado
05/05/2011;01:56:56;5.265;-75.749;101.6;1.4;;CALDAS;ANSERMA;4;0.30;241;5.1;9.7;11.7;Revisado
11/05/2011;11:21:09;5.366;-74.996;0;1.2;;CALDAS;SAMANA;4;0.40;143;3.4;5.6;9.2;Revisado
12/05/2011;06:03:12;5.564;-74.766;9.9;1.1;;CALDAS;LA_DORADA;4;0.30;187;3.2;6.2;7.7;Revisado
12/05/2011;10:58:04;5.097;-75.721;4.6;1.8;;CALDAS;RISARALDA;5;0.30;228;3.3;20.1;99.9;Revisado
13/05/2011;11:34:38;5.373;-74.897;10.1;1.1;;CALDAS;VICTORIA;5;0.20;171;3.1;3.7;7.6;Revisado
14/05/2011;05:50:38;5.378;-74.78;22;1.3;;CALDAS;LA_DORADA;5;0.20;165;2.2;3.2;2.6;Revisado
29/05/2011;13:00:52;5.672;-74.676;15.9;1.2;;CALDAS;LA_DORADA;4;0.20;245;3.7;9.1;7.2;Revisado
04/06/2011;01:28:59;5.401;-74.842;10;1.1;;CALDAS;VICTORIA;5;0.40;191;3.2;5.4;8.6;Revisado
04/06/2011;21:51:05;5.166;-75.808;33.8;2.6;;CALDAS;RISARALDA;11;0.40;115;2.3;4.6;14.5;Revisado
18/06/2011;09:29:03;5.059;-75.847;115.7;2.8;;CALDAS;VITERBO;12;0.40;158;2.5;3.9;4.6;Revisado
26/06/2011;09:31:43;4.429;-75.125;4;2.1;;CALDAS;VOLCAN_NEVADO_DEL_RUIZ;5;0.50;147;3.4;5.2;8.3;Revisado
01/07/2011;19:21:14;5.266;-75.462;13.5;1.3;;CALDAS;ARANZAZU;4;0.30;193;3.5;6.7;4.1;Revisado
04/08/2011;21:26:25;5.704;-74.804;0;1.5;;CALDAS;NORCASIA;4;0.40;230;11.2;13.5;4.9;Revisado
20/08/2011;05:08:57;5.626;-74.767;7.4;1.4;;CALDAS;NORCASIA;8;0.30;98;1.7;3.1;4.7;Revisado
21/08/2011;03:00:11;5.486;-75.81;3;2.9;;CALDAS;RIOSUCIO;9;0.40;87;2.3;3.5;7.1;Revisado
27/08/2011;17:39:11;5.218;-75.46;19.9;1.4;;CALDAS;ARANZAZU;4;0.30;196;3.4;5.8;4.2;Revisado
08/09/2011;16:49:17;5.446;-75.546;10.7;1.3;;CALDAS;MARMATO;4;0.30;201;3.2;12.6;5.5;Revisado
18/09/2011;01:52:05;5.362;-74.876;12.5;1.1;;CALDAS;VICTORIA;4;0.50;224;4.2;7.6;20.4;Revisado
18/09/2011;12:41:07;5.365;-74.871;13.5;1.1;;CALDAS;VICTORIA;4;0.20;225;2.2;3.6;9;Revisado
19/09/2011;20:45:36;5.198;-75.688;4;1.8;;CALDAS;RISARALDA;5;0.20;211;1.8;3.7;4.9;Revisado
02/10/2011;07:38:12;5.607;-74.783;8.3;.9;;CALDAS;NORCASIA;4;0.20;271;2.7;5.4;6.2;Revisado
07/10/2011;00:21:54;5.383;-74.876;12.7;1.5;;CALDAS;VICTORIA;5;0.30;178;2.7;3;5.5;Revisado
22/10/2011;06:49:08;5.251;-75.617;108;2.5;;CALDAS;FILADELFIA;18;0.20;99;1.3;1.7;2.4;Revisado
07/11/2011;23:39:40;5.648;-75.514;4.4;2.4;;CALDAS;AGUADAS;7;0.40;184;2;3.9;33.5;Revisado
29/11/2011;20:44:12;5.486;-74.816;12;1.1;;CALDAS;NORCASIA;4;0.50;217;4.4;9;6.9;Revisado
30/11/2011;02:39:16;4.566;-75.158;32.1;1.4;;CALDAS;VOLCAN_NEVADO_DEL_RUIZ;4;0.30;146;2.4;17.7;32.6;Revisado
30/11/2011;22:17:02;5.361;-74.684;1.4;1.1;;CALDAS;LA_DORADA;4;0.40;230;2.6;6.2;6.3;Revisado
06/12/2011;17:58:18;4.424;-75.095;32.4;1.5;;CALDAS;VOLCAN_NEVADO_DEL_RUIZ;6;0.40;142;2.5;7.4;12.6;Revisado
16/12/2011;23:31:39;4.993;-75.655;4.2;1.4;;CALDAS;PALESTINA;5;0.20;147;2.3;2.2;99.9;Revisado
18/12/2011;07:20:13;5.607;-74.873;4;1.1;;CALDAS;NORCASIA;5;0.30;138;2.6;3.9;2.5;Revisado
26/12/2011;00:04:37;5.352;-75.532;7.5;1.5;;CALDAS;LA_MERCED;5;0.40;202;3.2;4.9;9.2;Revisado
30/12/2011;11:12:27;5.63;-74.87;.7;1.2;;CALDAS;NORCASIA;4;0.20;228;3.6;21.1;13.4;Revisado
05/01/2012;22:34:53;5.235;-75.661;95.5;1.4;;CALDAS;FILADELFIA;5;0.40;159;4.8;9.1;8.1;Revisado
14/01/2012;10:20:55;5.512;-74.857;14.9;1;;CALDAS;NORCASIA;6;0.40;160;3.6;6.2;4.5;Revisado
16/01/2012;00:45:02;5.616;-74.854;32;1.1;;CALDAS;NORCASIA;4;0.40;191;3.5;5.8;9.4;Revisado
24/01/2012;22:04:13;5.018;-75.88;115.1;1.7;;CALDAS;VITERBO;6;0.20;122;3.4;4.1;5.2;Revisado
06/02/2012;22:04:29;5.747;-74.793;4.1;1.4;;CALDAS;NORCASIA;4;0.50;179;2.9;5.4;9.2;Revisado
08/02/2012;09:38:11;5.373;-74.872;.2;4.1;4.3;CALDAS;VICTORIA;21;0.50;67;2.3;2.6;5.3;Revisado
08/02/2012;10:01:59;5.391;-74.888;17;1.1;;CALDAS;VICTORIA;4;0.30;217;3.6;6.5;11.2;Revisado
13/02/2012;09:15:26;5.742;-74.798;4;1.3;;CALDAS;NORCASIA;5;0.50;178;3.4;5.7;8.6;Revisado
18/02/2012;04:35:42;5.358;-74.861;1.7;1;;CALDAS;VICTORIA;5;0.40;162;2.8;3.6;6.8;Revisado
22/02/2012;17:30:43;5.373;-74.887;8.4;1.3;;CALDAS;VICTORIA;7;0.30;117;2.6;2.9;8;Revisado
29/02/2012;06:54:32;5.025;-75.387;12;1.6;;CALDAS;MANIZALES;4;0.30;245;4.2;5.6;8.4;Revisado
01/03/2012;09:44:38;5.665;-74.791;110.8;1.6;;CALDAS;NORCASIA;6;0.10;97;2.1;2.3;3;Revisado
16/03/2012;22:47:03;5.299;-74.927;33;1.1;;CALDAS;VICTORIA;4;0.10;166;3.8;3.2;11;Revisado
21/03/2012;01:50:53;4.969;-75.416;14;2;;CALDAS;VILLAMARIA;10;0.60;89;4;4;5.5;Revisado
25/03/2012;14:55:26;5.392;-74.878;16.1;1;;CALDAS;VICTORIA;5;0.30;206;3.5;5.1;11.9;Revisado
03/04/2012;22:12:35;4.333;-75.15;0;1;;CALDAS;VOLCAN_CERRO_MACHIN;5;0.10;176;2.3;3.4;5.7;Revisado
03/04/2012;22:14:35;4.327;-75.178;0;1;;CALDAS;VOLCAN_CERRO_MACHIN;5;0.50;171;3.2;5.5;8.5;Revisado
06/04/2012;06:04:09;5.24;-75.82;40.6;1.2;;CALDAS;ANSERMA;5;0.30;174;2.6;7.5;17.4;Revisado
06/04/2012;06:21:41;5.03;-75.888;115.7;1.8;;CALDAS;VITERBO;9;0.40;125;5;6.8;7.9;Revisado
08/04/2012;06:30:58;5.216;-75.533;4;2.3;;CALDAS;NEIRA;7;0.40;113;2.7;2.7;6.4;Revisado
08/04/2012;06:31:50;5.209;-75.567;0;3.1;;CALDAS;NEIRA;12;0.40;115;2.7;3;4.3;Revisado
08/04/2012;06:47:17;5.226;-75.533;5.1;2.4;;CALDAS;NEIRA;9;0.40;113;2.1;2.5;9.2;Revisado
08/04/2012;07:00:02;5.191;-75.492;3.3;1.5;;CALDAS;NEIRA;6;0.40;142;2.9;4.5;3;Revisado
08/04/2012;19:49:46;5.224;-75.448;13.2;1.9;;CALDAS;ARANZAZU;5;0.30;139;4.1;25.8;15.7;Revisado
09/04/2012;01:22:16;5.21;-75.525;4;2.6;3;CALDAS;NEIRA;11;0.40;112;2.2;2.5;2.8;Revisado
12/04/2012;05:14:45;5.195;-75.493;4;1.7;;CALDAS;NEIRA;6;0.40;143;2.6;3.7;9.7;Revisado
12/04/2012;09:54:36;5.251;-75.066;22.4;1.1;;CALDAS;MARQUETALIA;5;0.30;169;4.4;6.1;4.2;Revisado
13/04/2012;03:12:25;5.012;-75.796;4.5;1.6;;CALDAS;BELALCAZAR;8;0.40;115;2.3;2;5.2;Revisado
26/04/2012;11:04:29;5.406;-74.729;13.2;1.9;;CALDAS;LA_DORADA;10;0.60;131;4.2;5.4;8.4;Revisado
30/04/2012;00:57:58;5.383;-74.855;4;1.7;;CALDAS;VICTORIA;9;0.40;90;1.9;2.3;4.8;Revisado
05/05/2012;13:37:53;5.499;-74.666;4;1.1;;CALDAS;LA_DORADA;5;0.40;176;3.3;5.4;7.8;Revisado
17/05/2012;06:10:39;4.362;-75.146;17.8;.8;;CALDAS;VOLCAN_CERRO_MACHIN;4;0.30;179;3;4;4.6;Revisado
21/05/2012;12:47:36;5.015;-75.929;106.6;1.5;;CALDAS;VITERBO;6;0.30;126;3.6;4.3;5.4;Revisado
29/05/2012;05:30:33;5.028;-75.921;108.7;2.4;;CALDAS;VITERBO;16;0.40;58;2.2;3.1;5.2;Revisado
05/06/2012;22:40:30;4.282;-75.193;0;1.1;;CALDAS;VOLCAN_CERRO_MACHIN;5;0.30;104;2.5;2.5;6.1;Revisado
26/06/2012;14:26:04;5.363;-74.864;6;1.6;;CALDAS;VICTORIA;4;0.20;182;5;5;12.8;Revisado
27/06/2012;00:18:43;5.084;-75.886;107;3;3.3;CALDAS;VITERBO;16;0.40;105;2.1;2.9;4.7;Revisado
08/07/2012;06:23:15;5.316;-74.828;6.9;1.2;;CALDAS;VICTORIA;4;0.30;185;4.6;6.6;6.7;Revisado
14/07/2012;08:12:14;5.3;-74.849;0;1.3;;CALDAS;VICTORIA;4;0.40;218;4.7;8.3;13;Revisado
31/07/2012;02:46:23;4.96;-75.391;19;1.6;;CALDAS;VILLAMARIA;6;0.40;129;2.7;5.3;4.9;Revisado
02/08/2012;22:58:39;5.39;-74.77;23.8;1.4;;CALDAS;LA_DORADA;6;0.40;111;2.4;3.1;2.8;Revisado
06/08/2012;05:51:04;5.291;-74.864;18.4;1.1;;CALDAS;VICTORIA;4;0.20;245;2.8;3.1;2.8;Revisado
22/08/2012;12:44:59;5.173;-75.525;1.1;2;;CALDAS;NEIRA;7;0.40;109;3;4;3.3;Revisado
23/08/2012;20:38:08;5.653;-74.702;4;1.6;;CALDAS;LA_DORADA;6;0.40;204;3.2;3.9;5.4;Revisado
14/09/2012;00:31:43;5.412;-75.011;9.9;1.3;;CALDAS;SAMANA;4;0.20;133;1.9;1.5;4;Revisado
20/09/2012;21:59:02;4.341;-75.15;0;1.1;;CALDAS;VOLCAN_CERRO_MACHIN;4;0.40;172;6.1;8.1;8.5;Revisado
20/09/2012;22:03:23;4.289;-75.203;.7;.8;;CALDAS;VOLCAN_CERRO_MACHIN;4;0.40;164;6.5;10.3;8.2;Revisado
20/09/2012;22:06:08;4.316;-75.183;21.3;.6;;CALDAS;VOLCAN_CERRO_MACHIN;4;0.20;169;3;7.6;10.7;Revisado
11/10/2012;13:48:07;5.369;-74.868;12.1;1.9;;CALDAS;VICTORIA;4;0.40;226;4.7;5.3;44.6;Revisado
15/10/2012;06:06:42;5.584;-74.774;8.7;1.6;;CALDAS;NORCASIA;8;0.30;104;1.6;2.6;3.7;Revisado
18/10/2012;22:31:15;5.459;-74.784;16;1.3;;CALDAS;LA_DORADA;4;0.30;265;3.1;5.5;5.3;Revisado
07/11/2012;13:03:37;5.457;-75.81;4;1.9;;CALDAS;RIOSUCIO;6;0.50;125;2.8;6.3;11.1;Revisado
04/01/2013;00:30:08;5.62;-74.787;8;1.1;;CALDAS;NORCASIA;4;0.60;198;4.7;7;13.3;Revisado
14/02/2013;05:36:13;5.521;-74.728;.4;.9;;CALDAS;LA_DORADA;4;0.50;117;4.2;4.6;11.7;Revisado
11/03/2013;03:19:13;5.36;-74.898;4.1;1.8;;CALDAS;VICTORIA;9;0.50;101;1.9;2.9;5.6;Revisado
21/03/2013;08:17:47;5.566;-74.708;4;2;;CALDAS;LA_DORADA;8;0.50;122;2.8;3.9;7;Revisado
23/03/2013;08:16:08;5.079;-75.689;108.9;3.2;3.6;CALDAS;PALESTINA;22;0.50;93;2.5;3.2;6;Revisado
11/04/2013;12:31:46;5.204;-75.655;107.9;2.1;;CALDAS;NEIRA;11;0.60;123;4.7;5.9;10.4;Revisado
14/04/2013;02:32:50;5.041;-75.383;1.5;1.9;;CALDAS;MANIZALES;5;0.50;158;4.1;3.1;7.2;Revisado
14/04/2013;03:43:29;4.975;-75.363;2;1.6;;CALDAS;MANIZALES;4;0.50;185;5.7;6.8;9.1;Revisado
15/04/2013;06:22:51;5.427;-74.936;13.2;2;;CALDAS;SAMANA;7;0.40;144;3;3.6;4.6;Revisado
15/04/2013;06:41:27;5;-75.432;0;1.9;;CALDAS;VILLAMARIA;7;0.30;133;2.4;2.8;6.3;Revisado
15/04/2013;12:05:50;5.443;-74.885;14;2.1;;CALDAS;SAMANA;6;0.50;139;3.5;4.4;5.3;Revisado
20/04/2013;08:04:39;5.016;-75.437;2.5;2.6;;CALDAS;MANIZALES;11;0.70;134;4.1;4.9;9.6;Revisado
22/04/2013;05:26:14;5.03;-75.378;.1;1.7;;CALDAS;MANIZALES;7;0.60;129;4.4;4.6;9.5;Revisado
22/04/2013;13:23:58;5.408;-74.939;8.9;1.4;;CALDAS;SAMANA;5;0.40;154;3.9;3.4;8.9;Revisado
22/04/2013;22:10:22;5.346;-75.587;102.2;2.7;;CALDAS;FILADELFIA;14;0.50;102;2.7;3.4;5.4;Revisado
23/04/2013;03:15:08;5.097;-75.494;4.2;1.4;;CALDAS;MANIZALES;4;0.40;164;8;7.5;8.6;Revisado
23/04/2013;06:00:58;5.085;-75.387;4.4;2.1;;CALDAS;MANIZALES;11;0.40;156;4;2;99.9;Revisado
23/04/2013;13:40:23;5.002;-75.425;0;1.9;;CALDAS;VILLAMARIA;5;0.40;177;4;6.5;3.9;Revisado
30/04/2013;15:24:51;4.56;-75.195;0;3;;CALDAS;VOLCAN_NEVADO_DEL_RUIZ;10;1.00;121;5.4;6.9;5.7;Revisado
14/05/2013;07:41:53;5.52;-74.718;18.2;.6;;CALDAS;LA_DORADA;4;0.00;272;3.5;2.5;4.6;Revisado
25/05/2013;00:33:03;5.637;-74.913;24;1;;CALDAS;NORCASIA;5;0.90;176;9.5;19.6;5.3;Revisado
25/05/2013;01:38:29;5.402;-74.85;20.3;1.5;;CALDAS;VICTORIA;6;0.40;162;2.3;4.6;3.1;Revisado
27/05/2013;10:05:56;5.572;-74.701;4.1;1;;CALDAS;LA_DORADA;4;0.30;253;6.7;4.4;24.2;Revisado
27/05/2013;22:06:45;4.971;-75.4;4.1;1.1;;CALDAS;VILLAMARIA;4;0.50;182;99.9;99.9;99.9;Revisado
27/05/2013;22:59:49;5.578;-74.7;2.4;1.2;;CALDAS;LA_DORADA;5;0.20;172;1.8;2.1;4.2;Revisado
27/05/2013;23:00:50;5.572;-74.702;5.6;1.2;;CALDAS;LA_DORADA;5;0.30;171;4.3;4.2;12.4;Revisado
29/05/2013;06:48:01;5.666;-74.825;111.9;1.1;;CALDAS;NORCASIA;4;0.40;166;7.6;6.4;9.1;Revisado
04/06/2013;05:44:09;5.48;-74.87;22.9;1.4;;CALDAS;NORCASIA;4;0.40;159;4;5.9;3.2;Revisado
11/06/2013;00:34:49;5.559;-74.685;3.5;1;;CALDAS;LA_DORADA;4;0.30;173;2.4;2.5;4.6;Revisado
25/06/2013;11:08:23;4.361;-75.159;18.6;1.1;;CALDAS;VOLCAN_CERRO_MACHIN;5;0.20;150;1.6;5.5;4.7;Revisado
04/07/2013;02:04:07;5.55;-74.687;4;1.5;;CALDAS;LA_DORADA;7;0.20;108;1.1;1.5;2.8;Revisado
05/07/2013;03:43:09;5.503;-74.758;18;1.3;;CALDAS;LA_DORADA;5;0.40;232;4;6.5;5.5;Revisado
07/07/2013;10:17:13;5.53;-74.689;14.2;.8;;CALDAS;LA_DORADA;4;0.40;213;4.2;5.5;9.9;Revisado
21/07/2013;08:57:55;5.163;-75.472;112.4;3.5;3.7;CALDAS;NEIRA;30;0.60;46;2.5;3.4;5.9;Revisado
27/07/2013;02:02:39;5.427;-74.753;20.8;1;;CALDAS;LA_DORADA;5;0.20;269;2.4;4.3;2.6;Revisado
08/08/2013;03:50:02;5.545;-74.699;4;.7;;CALDAS;LA_DORADA;5;0.40;231;4.2;4.6;10.2;Revisado
08/08/2013;03:52:34;5.55;-74.699;4;1;;CALDAS;LA_DORADA;6;0.30;172;2.4;2.9;5;Revisado
08/08/2013;05:41:10;5.544;-74.684;8;.9;;CALDAS;LA_DORADA;4;0.30;165;3.5;3.8;13.1;Revisado
14/08/2013;13:05:54;4.971;-75.355;.5;1.8;;CALDAS;MANIZALES;5;0.40;198;4.2;4.9;8.5;Revisado
21/08/2013;19:59:12;5.023;-75.546;99.6;1.7;;CALDAS;VILLAMARIA;7;0.50;102;5.5;6.2;18.8;Revisado
23/08/2013;22:56:54;5.038;-75.874;110.1;2;;CALDAS;VITERBO;10;0.50;125;3.8;5.2;8.2;Revisado
24/08/2013;16:27:40;5.539;-74.69;4;1.9;;CALDAS;LA_DORADA;12;0.60;65;2.7;2.4;7.2;Revisado
03/09/2013;09:27:06;5.638;-74.84;1.4;1.5;;CALDAS;NORCASIA;6;0.50;112;3.8;4.1;5.3;Revisado
15/09/2013;00:36:43;5.52;-75.493;11.7;1.6;;CALDAS;PACORA;4;0.20;143;2;1.9;18.3;Revisado
05/10/2013;21:25:45;5.293;-74.839;22.9;1.3;;CALDAS;VICTORIA;5;0.40;165;2.5;3.9;3.2;Revisado
11/10/2013;06:55:45;5.239;-75.572;0;1.6;;CALDAS;FILADELFIA;6;0.60;100;4;3.3;4.8;Revisado
19/10/2013;08:05:18;5.646;-74.781;114.2;1.5;;CALDAS;NORCASIA;6;0.20;191;2.9;2.5;3.4;Revisado
21/10/2013;09:20:09;5.376;-74.732;13.3;2.2;2.6;CALDAS;LA_DORADA;17;0.50;54;1.9;1.8;3.4;Revisado
01/11/2013;00:35:58;5;-75.476;122.9;1.8;;CALDAS;VILLAMARIA;10;0.50;112;3.3;4.9;6.9;Revisado
01/11/2013;07:01:12;5.013;-75.864;109.7;1.1;;CALDAS;VITERBO;6;0.40;94;3.2;5.4;7.8;Revisado
03/11/2013;01:57:10;5.411;-75.582;102;1.6;;CALDAS;LA_MERCED;7;0.40;108;3;3.9;5.6;Revisado
10/11/2013;18:21:13;5.649;-75.516;4.3;1.3;;CALDAS;AGUADAS;5;0.50;133;3.5;3.1;8.1;Revisado
11/11/2013;13:49:01;5.496;-75.679;4;3.2;3.6;CALDAS;SUPIA;24;0.90;71;2.9;3;6.3;Revisado
12/11/2013;14:14:06;5.45;-74.853;20.4;1.2;;CALDAS;NORCASIA;4;0.10;226;1.8;1.9;1.4;Revisado
12/12/2013;00:41:07;5.583;-74.876;17.4;1.2;;CALDAS;NORCASIA;5;0.30;79;2.5;2.1;3.8;Revisado
12/12/2013;08:52:49;5.581;-74.858;16.9;1.1;;CALDAS;NORCASIA;5;0.50;190;4.3;4.5;6.3;Revisado
14/12/2013;08:13:10;5.577;-74.876;18.5;1;;CALDAS;NORCASIA;5;0.40;130;2.8;4.1;4.8;Revisado
15/12/2013;23:15:52;5.003;-75.845;32.4;1.9;;CALDAS;BELALCAZAR;12;0.50;92;2.4;2.5;11;Revisado
17/12/2013;22:43:05;5.629;-75.46;14.3;1.4;;CALDAS;AGUADAS;6;0.50;122;2.9;3.6;8.3;Revisado
01/01/2014;17:32:24;5.559;-74.686;4;1.4;;CALDAS;LA_DORADA;6;0.30;166;2.2;1.5;3.6;Revisado
07/01/2014;16:27:53;5.518;-74.687;0;.8;;CALDAS;LA_DORADA;4;0.40;120;3.9;4.8;8.9;Revisado
08/01/2014;14:10:00;5.53;-74.698;0;.8;;CALDAS;LA_DORADA;5;0.80;119;5.7;8.6;15.3;Revisado
08/01/2014;21:31:41;5.412;-74.781;0;.6;;CALDAS;LA_DORADA;4;0.40;157;7.7;3;12.7;Revisado
10/01/2014;06:05:24;5.681;-75.52;4.2;.8;;CALDAS;AGUADAS;5;0.40;123;1.9;2.8;6.1;Revisado
14/01/2014;16:47:17;5.553;-74.677;0;1.3;;CALDAS;LA_DORADA;5;0.40;122;3.3;4.7;8.7;Revisado
20/01/2014;12:27:06;5.147;-75.391;114.4;2.3;2.8;CALDAS;MANIZALES;18;0.70;64;3.4;4.2;6.9;Revisado
23/01/2014;20:19:53;5.57;-74.707;0;.9;;CALDAS;LA_DORADA;5;0.50;109;3.3;3.3;5.9;Revisado
30/01/2014;08:05:16;5.582;-74.719;8.5;.5;;CALDAS;LA_DORADA;4;0.40;226;4;4.8;15.1;Revisado
05/02/2014;10:16:03;5.002;-75.345;4.4;1.5;;CALDAS;MANIZALES;4;0.20;120;1.7;1.5;2.6;Revisado
24/02/2014;01:10:15;5.359;-75.524;100.8;1;;CALDAS;LA_MERCED;4;0.10;130;1.9;3.5;3.1;Revisado
26/02/2014;09:10:53;5.05;-75.56;4.8;.9;;CALDAS;VILLAMARIA;5;0.60;114;4.9;7.2;13;Revisado
06/03/2014;12:27:56;5.489;-75.431;4;1.1;;CALDAS;PACORA;5;0.50;137;3.1;3.5;8.4;Revisado
11/03/2014;21:19:41;4.327;-75.186;2.1;1.2;;CALDAS;VOLCAN_CERRO_MACHIN;7;0.50;174;2.3;4.6;6.9;Revisado
11/03/2014;21:24:34;4.332;-75.203;0;1.1;;CALDAS;VOLCAN_CERRO_MACHIN;7;0.50;171;2.2;4.9;6.5;Revisado
11/03/2014;21:27:16;4.33;-75.137;1.3;1.2;;CALDAS;VOLCAN_CERRO_MACHIN;7;0.40;182;1.9;4.1;5.5;Revisado
16/03/2014;10:12:27;5.362;-75.67;4.2;.9;;CALDAS;RIOSUCIO;5;0.70;181;5;6.2;6.2;Revisado
17/03/2014;01:17:00;5.371;-74.729;4;1.8;;CALDAS;LA_DORADA;6;0.40;163;2.8;2.4;6.2;Revisado
22/03/2014;02:13:09;5.195;-75.819;49;1.6;;CALDAS;RISARALDA;7;0.40;106;2.9;3.3;11.4;Revisado
31/03/2014;22:34:59;5.314;-75.503;4.8;1.7;;CALDAS;ARANZAZU;7;0.60;199;4.5;4.6;4.5;Preliminar
01/04/2014;05:45:47;5.392;-75.682;4;.8;;CALDAS;RIOSUCIO;5;0.40;179;4.9;4.1;10.2;Preliminar
03/04/2014;00:39:22;5.416;-74.703;4;1.5;;CALDAS;LA_DORADA;8;0.50;74;2.5;2.3;5.8;Preliminar
03/04/2014;04:48:05;5.629;-74.835;29.1;1.3;;CALDAS;NORCASIA;5;0.30;159;2.7;4.5;2.1;Preliminar
03/04/2014;11:34:13;5.663;-74.78;4;1.2;;CALDAS;NORCASIA;6;0.60;197;3.8;6.1;10;Preliminar
18/04/2014;21:09:29;5.32;-74.844;17.4;1.6;;CALDAS;VICTORIA;8;0.30;115;1.8;2.2;3.4;Preliminar
21/04/2014;00:26:15;5.366;-74.854;4;1.3;;CALDAS;VICTORIA;10;0.80;116;3.1;5;9.1;Preliminar
23/04/2014;10:22:04;5.392;-75.713;3.9;2.1;;CALDAS;RIOSUCIO;10;0.60;123;2.2;3.1;6.6;Preliminar
27/04/2014;04:07:27;5.589;-74.79;4;1;;CALDAS;NORCASIA;4;0.30;270;3.4;5;2.1;Preliminar
29/04/2014;06:43:28;5.658;-74.886;4;.8;;CALDAS;NORCASIA;6;0.50;79;2.5;2.8;6.9;Preliminar
02/05/2014;03:08:00;5.467;-74.719;16.3;1.1;;CALDAS;LA_DORADA;8;0.50;125;4;3;5.6;Preliminar
